{
  "type": "score_curve",
  "timestamps": [
    0.0,
    0.033707865168539325,
    0.06741573033707865,
    0.10112359550561797,
    0.1348314606741573,
    0.16853932584269662,
    0.20224719101123595,
    0.23595505617977527,
    0.2696629213483146,
    0.3033707865168539,
    0.33707865168539325,
    0.3707865168539326,
    0.4044943820224719,
    0.4382022471910112,
    0.47191011235955055,
    0.5056179775280899,
    0.5393258426966292,
    0.5730337078651685,
    0.6067415730337078,
    0.6404494382022472,
    0.6741573033707865,
    0.7078651685393258,
    0.7415730337078652,
    0.7752808988764045,
    0.8089887640449438,
    0.8426966292134831,
    0.8764044943820224,
    0.9101123595505618,
    0.9438202247191011,
    0.9775280898876404,
    1.0112359550561798,
    1.044943820224719,
    1.0786516853932584,
    1.1123595505617978,
    1.146067415730337,
    1.1797752808988764,
    1.2134831460674156,
    1.247191011235955,
    1.2808988764044944,
    1.3146067415730336,
    1.348314606741573,
    1.3820224719101124,
    1.4157303370786516,
    1.449438202247191,
    1.4831460674157304,
    1.5168539325842696,
    1.550561797752809,
    1.5842696629213482,
    1.6179775280898876,
    1.651685393258427,
    1.6853932584269662,
    1.7191011235955056,
    1.7528089887640448,
    1.7865168539325842,
    1.8202247191011236,
    1.8539325842696628,
    1.8876404494382022,
    1.9213483146067416,
    1.9550561797752808,
    1.9887640449438202,
    2.0224719101123596,
    2.056179775280899,
    2.089887640449438,
    2.1235955056179776,
    2.157303370786517,
    2.191011235955056,
    2.2247191011235956,
    2.258426966292135,
    2.292134831460674,
    2.3258426966292136,
    2.359550561797753,
    2.393258426966292,
    2.426966292134831,
    2.460674157303371,
    2.49438202247191,
    2.528089887640449,
    2.561797752808989,
    2.595505617977528,
    2.629213483146067,
    2.662921348314607,
    2.696629213483146,
    2.730337078651685,
    2.764044943820225,
    2.797752808988764,
    2.831460674157303,
    2.865168539325843,
    2.898876404494382,
    2.932584269662921,
    2.966292134831461,
    3.0
  ],
  "actual_scores": [
    0.31081922762895736,
    0.5395103529716366,
    0.6789095951387101,
    0.6808043260337917,
    0.5988882623350644,
    0.5870206062867487,
    0.41021847899952707,
    0.6867835985229901,
    0.7367591351269019,
    0.8501313548872415,
    0.5731147507672328,
    0.5103252539712019,
    0.9437717981254095,
    0.729379448669414,
    0.6549142902657341,
    0.9097144545511456,
    0.7217727220658148,
    0.8303767692724925,
    0.8397615859968405,
    0.7553553336391597,
    0.9078051341553043,
    0.8091934410449656,
    0.7752569665960167,
    0.9206436431417515,
    0.9583976618487088,
    1.0,
    0.7472661924940688,
    0.6903646656502969,
    0.9555202529775082,
    0.8416046125449053,
    0.85,
    0.7213262406696734,
    0.8144617159803667,
    0.8004411319228063,
    0.5925889043038033,
    0.8166117456420643,
    0.7095543717974522,
    0.8338216620829859,
    0.7349622614098692,
    0.7098643997513464,
    0.6641455593778929,
    0.844426775648999,
    0.6012512436550962,
    0.6824208352794027,
    0.7193383774416849,
    0.6566200271419057,
    0.6805553586879343,
    0.36995526742789675,
    0.5328360475265503,
    0.4863462188012733,
    0.44233131393716973,
    0.4396173299433046,
    0.4654877208223334,
    0.2809709404859604,
    0.3820915738125102,
    0.5597681331660231,
    0.27560958066988867,
    0.28194355663921683,
    0.251018169674635,
    0.09500846134364914,
    0.39910015482731,
    0.19482426147332157,
    0.1674896888486299,
    0.3481889998295014,
    0.2812585470342152,
    0.1314311210504322,
    0.15608593091670428,
    0.20157306219058035,
    0.20440228028701532,
    0.1878729253601169,
    0.17311056921855178,
    0.26057620414050015,
    0.21339482084752703,
    0.27686608389106,
    0.16411972895399418,
    0.3020995933296095,
    0.3493750351460325,
    0.3431775487672559,
    0.22563234240553443,
    0.34129842837701035,
    0.2644626683824433,
    0.25441544205668976,
    0.2603976338770584,
    0.18555111081654155,
    0.4389952193817355,
    0.25952539031302724,
    0.3308225450896791,
    0.41484665796031384,
    0.46246190891977795,
    0.43923748802125584
  ],
  "optimal_scores": [
    0.36081922762895735,
    0.5895103529716367,
    0.7289095951387101,
    0.7308043260337918,
    0.6488882623350645,
    0.6370206062867487,
    0.46021847899952706,
    0.7367835985229901,
    0.786759135126902,
    0.9001313548872415,
    0.6231147507672329,
    0.5603252539712019,
    0.9937717981254095,
    0.779379448669414,
    0.7049142902657342,
    0.9597144545511457,
    0.7717727220658148,
    0.8803767692724925,
    0.8897615859968405,
    0.8053553336391598,
    0.9578051341553043,
    0.8591934410449656,
    0.8252569665960168,
    0.9706436431417516,
    1.0,
    1.0,
    0.7972661924940688,
    0.7403646656502969,
    1.0,
    0.8916046125449053,
    0.9,
    0.7713262406696735,
    0.8644617159803667,
    0.8504411319228063,
    0.6425889043038033,
    0.8666117456420643,
    0.7595543717974522,
    0.883821662082986,
    0.7849622614098692,
    0.7598643997513465,
    0.7141455593778929,
    0.8944267756489991,
    0.6512512436550962,
    0.7324208352794027,
    0.769338377441685,
    0.7066200271419057,
    0.7305553586879343,
    0.41995526742789674,
    0.5828360475265504,
    0.5363462188012733,
    0.4923313139371697,
    0.4896173299433046,
    0.5154877208223334,
    0.3309709404859604,
    0.4320915738125102,
    0.6097681331660232,
    0.32560958066988865,
    0.3319435566392168,
    0.301018169674635,
    0.14500846134364914,
    0.44910015482730997,
    0.2448242614733216,
    0.2174896888486299,
    0.3981889998295014,
    0.3312585470342152,
    0.1814311210504322,
    0.2060859309167043,
    0.25157306219058034,
    0.25440228028701534,
    0.2378729253601169,
    0.22311056921855177,
    0.31057620414050013,
    0.263394820847527,
    0.32686608389106,
    0.21411972895399417,
    0.3520995933296095,
    0.3993750351460325,
    0.3931775487672559,
    0.2756323424055344,
    0.39129842837701034,
    0.3144626683824433,
    0.30441544205668974,
    0.3103976338770584,
    0.23555111081654156,
    0.4889952193817355,
    0.3095253903130272,
    0.3808225450896791,
    0.4648466579603138,
    0.5124619089197779,
    0.48923748802125583
  ],